DNI;APELLIDOS Y NOMBRES;INFORME LABORATORIO 1;INFORME LABORATORIO 2;PRACTICA 1;PRACTICA 2;PRACTICA 3;EXPOSICIÓN
74261870;ACOSTA JARAMILLO, JHOSSELYN MARIEL;A;A;C;C;C;A
61848755;AGUINAGA SIESQUEN, XIOMARA MAYLET;B;B;C;C;C;B
73918645;BENITES CRUZ, LIDIA TATIANA;A;B;C;C;C;B
73554016;CARRASCO CAMPOS, KAREN LIZET;A;A;C;C;C;B
73399099;CASCOS LINARES, JOSELIN CAMILA;A;B;C;C;C;B
74097940;CHASQUEZ SILVA, JIMENA DE LOS ANGELES;AD;AD;C;B;A;AD
73841719;CHAVARRY VELEZ, GUADALUPE DEL PILAR;C;A;C;C;C;B
73852732;CUMPA TORRES, JULIANA DANIELA NICOLLE;A;AD;C;C;C;A
62090583;DE LA CRUZ BARRIOS, DALILA LISVETH;A;AD;B;C;C;A
74183633;DELGADO MORALES, LINDA YAJAIRA;A;B;C;C;C;C
73281052;DIAZ FERNANDEZ, ISABEL FERNANDA;B;A;C;C;C;B
73401358;EFFIO TARRILLO, MARY FERNANDA;C;A;C;C;C;C
73909905;INOÑAN ROMERO, ANAHI ROSALINDA;C;A;C;C;C;C
74106014;MAIRA RAMOS, ANGELINE CORAIMA;A;A;C;C;C;B
73730722;MANAY CAJUSOL, MARYOVI CELESTE;B;A;AD;C;AD;B
62431798;MAYORGA VARGAS, SHARID ARLENE;A;A;C;C;C;B
73567280;MENDOZA OLIVERA, VALERIA NICOLE;C;C;C;C;C;C
73837239;NUÑEZ CRIOLLO, YESSICA ANALIA;C;C;C;C;C;B
79841644;POPUCHE CORDOVA, SOL ANAHI;B;A;C;C;C;A
73404970;RAMIREZ BENITES, XIOMARA BELEN ROSA;C;A;C;C;C;B
12345678;SANCHEZ MIÑOPE, CRISTY FERNANDA;A;B;C;C;C;C
61016589;SANDOVAL BERNAL, MELANI MARIA;AD;AD;C;C;C;B
74181273;SANDOVAL DIAZ, VALERIE MIKEYLA;A;A;A;A;A;A
61709093;SIESQUEN SANTISTEBAN, YASMIN DEL ROCIO;AD;AD;A;C;A;AD
73395765;SUAREZ SANTISTEBAN, KIARA GERALDINE;C;A;C;C;C;B
73715892;VELIZ CABRERA, ROMINA ESTRELLA;B;A;AD;C;A;A
73553889;VELIZ JUAREZ, DAFNE MARIAJOSE;A;B;C;C;C;C
74113246;VENTURA CALVAY, JOSSELYN FABIOLA;AD;AD;A;C;AD;B
60720616;VILLALOBOS DE LA CRUZ, VIVIAN MAYLITH;B;B;C;C;C;B
73295222;VILLEGAS SANDOVAL, ROSMERY CHARITO;A;AD;C;C;C;A
